Level	Type	Title	Start Date	End Date	Location
Unit	Paperwork	Philmont Interest	07/26/27	08/02/27	New Mexico
Unit	Serv Proj	Breakfast with Santa	12/05/26	12/05/26	St Joseph
Unit	Camping	Camping/ Orienteering	10/23/26	10/25/26	Camp Saffran, Broadcreek
Unit	Day Trip	Webelos Woods	10/09/26	10/10/26	Sykesville Fire Grounds
Unit	Camping	Camping	09/18/26	09/20/26	Washington Monument State Park
Unit	Serv Proj	Block Party	09/12/26	09/12/26	St Joseph
Unit	Camping	Camping	08/21/26	08/23/26	Sandy Point State Park
Crew	High Adv	Sea Base High Adventure	07/28/26	08/02/26	Saint Thomas
Unit	Camping	SUMMER CAMP	07/05/26	07/11/26	Camp Horseshoe
Unit	Camping	Camping and Whitewater	06/19/26	06/21/26	Lehigh/Premier Whitewater Rafting
Unit	Camping	Backpacking the AT	05/23/26	05/24/26	Michaux State Forest and the Appalachian Trail
Unit	Camping	Camping	05/08/26	05/09/26	The Adventure Park
Unit	Camping	Camping	04/10/26	04/12/26	Walkersville
Unit	Serv Proj	Scouting for Food Pick Up	03/28/26 9:00 AM	03/28/26 12:00 PM	St Joseph
Unit	Hiking	Hiking	03/28/26	03/28/26	Patapsco SP/ Woodstock-Driver Rd loop (after SFF)
Unit	Aquatics	Swim Tests	03/22/26 6:00 PM	03/22/26 8:00 PM	YMCA Westminster
Unit	Serv Proj	Scouting for Food Drop Off	03/21/26 9:00 AM	03/21/26 10:00 AM	St Joseph
Unit	Day Trip	Crossover for New Scouts	03/15/26 4:00 PM	03/15/26 5:30 PM	Saint Joseph
Unit	Serv Proj	Dinner at St Joseph's	03/14/26	03/14/26	St Joseph
Troop	Hiking	Day Trip to DC	02/28/26	02/28/26	Washington DC
Troop	Day Trip	Day Trip	02/22/26 1:00 PM	02/22/26 5:00 PM	McKeldin
Unit	Serv Proj	Serv Proj	02/14/26	02/14/26	St Joseph
Unit	Serv Proj	Donut Sunday	02/08/26	02/08/26	Saint Joseph
Unit	Day Trip	Scout Sunday!!!	02/08/26	02/08/26	Saint Joseph
Unit	Camping	Klondike	01/30/26	02/01/26	Westminster Agricultural Center
Unit	Camping	Cold Weather Survival	01/10/26	01/11/26	Walkersville
Troop	Serv Proj	Wreaths Across America	12/13/25 8:00 AM	12/13/25 11:00 AM	Linganore United Methodist Church
Unit	Camping	Troop 78 Cabin and USS NJ	12/12/25	12/12/25	Philadelphia
Unit	Camping	Camping	12/08/25	12/08/25	Previous Troop
Unit	COH	Eagle Court of Honor	12/07/25 2:00 PM	12/07/25 11:59 PM	Saint Joseph
Unit	Serv Proj	Breakfast with Santa	12/06/25 8:00 AM	12/06/25 12:30 PM	St Joseph
Unit	Serv Proj	Breakfast with Santa	12/06/25 8:00 AM	12/06/25 12:30 PM	St Joseph
Unit	Camping	Camping	11/14/25	11/16/25	Gettysburg
Unit	Camping	Camping	11/14/25	11/14/25	Gettysburg
Unit	Day Trip	10:45 am Mass Poinsettia Sale	11/02/25	11/02/25	St Joseph
Unit	Day Trip	8 am Poinsettia Mass Sale	11/02/25	11/02/25	St Joseph
Unit	Day Trip	5 pm Mass Poinsettia Sales	11/02/25	11/02/25	St Joseph
Unit	Day Trip	5 pm Mass Poinsettia Sales	11/01/25	11/01/25	St Joseph
Unit	Camping	Orienteering	10/24/25	10/26/25	Jugs Bay
Unit	Camping	Camping and Biking	09/26/25	09/26/25	Fort Frederick
Unit	Cycling	Camping and Biking	09/26/25	09/26/25	Fort Frederick
Unit	Serv Proj	Serv Proj	08/23/25	08/23/25	Sandy Point
Unit	Camping	Camping	08/22/25	08/22/25	Sandy Point
Troop	Serv Proj	Serv Proj	08/03/25 12:00 PM	08/03/25 3:00 PM	Holy Spirit Lutheran Church
Troop	Serv Proj	Serv Proj	07/27/25 11:00 AM	07/27/25 3:00 PM	1290 East Sandcroft Rd, Eld
Troop	Camping	Summit Experience	07/27/25	08/02/25	Summit Bechtel Reserve, WV
Troop	High Adv	Summit Experience	07/27/25	08/02/25	Summit Bechtel Reserve, WV
Troop	Serv Proj	Serv Proj	07/26/25 9:00 AM	07/26/25 12:00 PM	Holy Spirit Lutheran Church
Unit	Camping	Summer Camp	07/06/25 8:00 AM	07/12/25 10:00 PM	Camp Horseshoe
Unit	Serv Proj	Serv Proj	07/04/25	07/04/25	Westminster Agricultural Center
Unit	Serv Proj	Donut Sunday	06/29/25	06/29/25	St Joseph
Unit	Camping	Camping	06/21/25	06/21/25	Guppy Gulch
Unit	Aquatics	Aquatics	06/18/25 7:00 PM	06/18/25 8:00 PM	South Caroll Swim Club
Unit	Troop Mtg	Patrol Field Day	06/07/25 8:00 AM	06/07/25 12:00 PM	Saint Joseph Church
Troop	Camping	Toms Run Appalachian Trail	05/24/25	05/25/25	Michaux State Park, PA
Troop	Hiking	Backpacking on Appalachian Trail	05/24/25	05/25/25	Michaux State Park, PA
Unit	Day Trip	Day Trip	05/10/25	05/10/25	Tree Trekkers
Troop	Camping	Walkersville Camping 9-11	05/09/25	05/11/25	Walkersville Watershed
Troop	Hiking	Night Hike Walkersville May 10	05/09/25	05/11/25	Walkersville Watershed
Troop	Camping	Walkersville Camping 9-11	05/09/25	05/11/25	Walkersville Watershed
Unit	Day Trip	Rifle Range	04/12/25	04/12/25	Broadcreek
Unit	High Adv	Summit Prep Meeting	04/07/25 6:00 PM	04/07/25 7:00 PM	St. Josephs Catholic Church
Unit	Serv Proj	Serv Proj	04/05/25	04/05/25	Scouting for Food
Unit	Serv Proj	Serv Proj	04/05/25	04/05/25	Scouting for Food
Unit	Serv Proj	Serv Proj	04/05/25	04/05/25	Scouting for Food
Unit	COH	Troop 883 Spring Court of Honor	03/31/25 7:00 PM	03/31/25 8:15 PM	Saint Joseph’s Church
Unit	Serv Proj	Serv Proj	03/29/25	03/29/25	Scouting for Food
Troop	Meeting	Troop Elections and Eagle Court of Honor	03/17/25 7:00 PM	03/17/25 8:30 PM	Saint Joseph’s Upstairs
Unit	Aquatics	Troop Swim Test	03/16/25 6:30 PM	03/16/25 8:00 PM	YMCA Westminster
Unit	Serv Proj	Friday Fish Fry	03/07/25	04/11/25	St Joseph
Unit	Adventure	Adventure	03/07/25	03/09/25	Ski Shawnee
Unit	Serv Proj	Day 2 Ben R. Eagle Scout Project	03/02/25 1:30 PM	03/02/25 1:30 PM	Saint Joseph Church
Troop	Serv Proj	Ben R.s Eagle Project	03/01/25 9:00 AM	03/01/25 2:00 PM	Saint Joseph Church
Unit	Serv Proj	Serv Proj	02/22/25	02/22/25	St Joseph
Troop	Meeting	Camping Merit Badge Session	02/16/25 1:00 PM	02/16/25 3:00 PM	Saint Joseph Church
Troop	Meeting	Cooking Merit Badge Session	02/16/25 7:00 AM	02/16/25 1:00 PM	Saint Joseph Church
Unit	Camping	Camping	02/07/25	02/09/25	Klondike
Unit	Day Trip	Scout Sunday	02/02/25	02/02/25	St Joseph
Unit	Camping	Camping	01/18/25	01/18/25	Kalmbach Compound
Unit	High Adv	High Adv	01/17/25	01/20/25	Okpik
Unit	Camping	Wilderness/Cold Weather Survival Camping	01/10/25 6:00 PM	01/12/25 9:00 AM	Walkersville Watershed
Unit	Meeting	Sustainability Merit Badge	12/15/24 6:30 PM	12/15/24 8:30 PM	St Joseph’s Church
Unit	Meeting	Citizenship in Nation Merit Badge	12/15/24 3:30 PM	12/15/24 5:30 PM	St Joseph’s Church
Unit	Meeting	Personal Management Merit Badge	12/15/24 1:30 PM	12/15/24 3:30 PM	St Joseph’s Church
Unit	Serv Proj	Wreaths Across America	12/14/24	12/14/24	Linganore Methodist Church
Unit	Serv Proj	Breakfast with Santa	12/07/24	12/07/24	St Joseph
Troop	Camping	Hike Valley Forge	12/06/24	12/08/24	Troop 78 Cabin-Philadelphia
Unit	Camping	Camping	12/06/24	12/06/24	Saint Joseph
Troop	Hiking	Hike Valley Forge	12/06/24	12/08/24	Troop 78 Cabin-Philadelphia
Unit	Serv Proj	Serv Proj	12/05/24 4:00 PM	12/05/24 7:00 PM	Saint Joseph Church
Crew	Meeting	Summit 2025 Kick Off	12/02/24 6:00 PM	12/02/24 7:00 PM	St. Joseph's CC
Unit	Camping	Orienteering Competition Broadcreek	11/15/24 6:00 PM	11/16/24 7:00 PM	Orienteering- Broadcreek
Unit	Hiking	Orienteering Training Hashawha	11/10/24 1:00 PM	11/10/24 1:00 PM	Hashawha Bear Branch Nature Center
Unit	Day Trip	Poinsettia Sale	11/10/24 8:00 AM	11/10/24 9:30 AM	St Joseph
Unit	Hiking	Gettysburg	11/01/24	11/03/24	Camp Conewago
Unit	Camping	Gettysburg	11/01/24	11/03/24	Camp Conewago
Unit	Camping	Gettysburg	11/01/24	11/03/24	Camp Conewago
Troop	Serv Proj	Michaels Eagle Project Day 2	10/27/24 11:30 AM	10/27/24 11:30 AM	6556 Kali Drive
Unit	Serv Proj	Donut Sunday	10/27/24 8:45 AM	10/27/24 10:15 AM	St Joseph's
Unit	Day Trip	Poinsettia Sale	10/27/24	10/27/24	St Joseph
Troop	Serv Proj	Michaels Eagle Project Day 1	10/19/24 8:00 AM	10/19/24 2:00 PM	6556 Kali Drive
Unit	Camping	Camping	10/11/24 5:30 PM	10/13/24 12:00 PM	Laurel Caverns
Unit	Camping	Camping	10/11/24 5:30 PM	10/13/24 12:00 PM	Laurel Caverns
Troop	PLC Mtg	PLC	10/07/24 6:00 PM	10/07/24 7:00 PM	Saint Joseph’s Church
Unit	Day Trip	Webelos Woods	09/28/24	09/28/24	Sykesville Fire Hall
Unit	Serv Proj	Serv Proj	09/28/24	09/28/24	St Joseph
Unit	Troop Mtg	Troop Elections/Max M Eagle Court of Ho	09/23/24 7:00 PM	09/23/24 8:00 PM	St Joseph
Unit	Camping	Pioneering Campout Weekend	09/13/24	09/15/24	Walkersville Watershed
Troop	Conservation	Conservation	08/31/24 8:30 AM	08/31/24 12:30 PM	Walkersville Watershed
Unit	Serv Proj	Serv Proj	08/28/24	08/28/24	SMS
Troop	Paddle	Paddle	08/24/24	08/25/24	Jug Bay/Patuxent River
Unit	Day Trip	Recruiting	08/24/24	08/25/24	St Joseph
Troop	Camping	Camping	08/24/24	08/25/24	Jug Bay/Patuxent River
Individual	Serv Proj	Serv Proj	08/17/24	08/17/24	Liberty
Unit	Serv Proj	Jonathan Eagle Project	08/17/24	08/17/24	295 Carnie Lane Sykesville
Unit	COH	Eagle Court of Honor	08/12/24 7:00 PM	08/12/24 8:30 PM	Fairhaven
Unit	Camping	High Adv Interest	07/23/24	07/30/24	Philmont Scout Ranch, New Mexico
Unit	High Adv	High Adv Interest	07/23/24	07/30/24	Philmont Scout Ranch, New Mexico
Unit	Hiking	High Adv Interest	07/23/24	07/30/24	Philmont Scout Ranch, New Mexico
Unit	Camping	Summer Camp	07/07/24	07/13/24	Camp Horseshoe
Unit	Camping	Camping	07/07/24	07/13/24	Camp Saffran, Broadcreek
Unit	Aquatics	Aquatics	06/18/24 7:00 PM	06/18/24 8:00 PM	South Carroll Swim Center
Individual	Serv Proj	Serv Proj	06/17/24	06/21/24	Piedmont Day Camp
Unit	Paperwork	35 year patch	06/10/24	06/10/24	
Unit	Hiking	Hiking	06/08/24 8:00 AM	06/08/24 12:00 PM	Appalachian Trail
Unit	Meeting	Patrol vs. Patrol Field Games	06/07/24 8:00 AM	06/07/24 12:00 PM	Saint Joseph’s
Unit	Camping	Camping	06/07/24	06/09/24	Washington Monument State P
Unit	Camping	Camping	06/07/24	06/09/24	Hershey
Unit	Camping	Camping	06/07/24	06/09/24	Washington Monument State P
Unit	Serv Proj	Ryan Eagle Project	05/26/24 10:00 AM	05/26/24 5:00 PM	Fairhaven
Unit	Serv Proj	Ryan Eagle Project	05/26/24 10:00 AM	05/26/24 5:00 PM	Fairhaven
Unit	Serv Proj	Ryan Eagle Project	05/26/24 10:00 AM	05/26/24 5:00 PM	Fairhaven
Unit	Serv Proj	Ryan Eagle Project	05/25/24	05/25/24	Fairhaven
Unit	Serv Proj	Ryan Eagle Project	05/25/24	05/25/24	Fairhaven
Unit	Serv Proj	Ryan Eagle Project	05/25/24	05/25/24	Fairhaven
Unit	Hiking	Philmont Crew Hiking	05/24/24	05/26/24	Appalachian Trail
Unit	Camping	Philmont Crew Hiking	05/24/24	05/26/24	Appalachian Trail
Unit	Serv Proj	Eagle Serv Proj	05/19/24	05/19/24	St Joseph
Unit	Serv Proj	Eagle Serv Proj	05/19/24	05/19/24	St Joseph
Unit	Serv Proj	Bikes for the World	05/18/24	05/18/24	
Unit	Day Trip	Day Trip	05/11/24	05/11/24	Camp Saffran
Troop	PLC Mtg	Patrol Leader Council	05/06/24 6:30 PM	05/06/24 8:30 PM	Saint Joseph Church
Unit	Camping	Camping	05/04/24	05/05/24	Tree Trekkers- Frederick
Troop	Serv Proj	Serv Proj	04/28/24 1:00 PM	04/28/24 4:00 PM	Henryton Rd
Troop	Conservation	Conservation	04/28/24 1:00 PM	04/28/24 4:00 PM	Henryton Rd
Crew	Hiking	Philmont Crew Hiking	04/21/24	04/21/24	Catoctin
Individual	Serv Proj	Serv Proj	04/20/24	04/20/24	Juvenile Diabets
Unit	Camping	Camping	04/18/24	08/01/24	Previous Troop
Unit	Serv Proj	Serv Proj	04/18/24	10/14/25	Old Troop
Unit	Hiking	Hiking	04/18/24	08/01/25	Old Troop
Unit	Camping	Rifle Range and Trail to First Class	04/12/24	04/14/24	Camp Saffran
Troop	Serv Proj	Meet the Troop Night	04/09/24 6:30 PM	04/09/24 8:00 PM	Freedom Optimist Hall
Unit	PLC Mtg	PLC Mtg	04/08/24 6:00 PM	04/08/24 7:00 PM	Saint Joseph Church
Unit	Serv Proj	Eagle Serv Proj	04/07/24	04/07/24	2325 Todd Lane, Eldersburg, MD 21784
Unit	Serv Proj	Eagle Serv Proj	04/07/24	04/07/24	2325 Todd Lane, Eldersburg, MD 21784
Unit	Day Trip	Annual Swim tests	03/24/24 7:15 PM	03/24/24 8:30 PM	YMCA Westminster
Unit	Day Trip	Crossover Pack 883	03/24/24 1:30 PM	03/24/24 3:30 PM	St Joseph
Unit	Serv Proj	Scouting for Food Pick Up	03/23/24 9:00 AM	03/23/24 12:00 PM	Eldersburg
Unit	Hiking	Philmont Crew Hiking	03/17/24	03/17/24	Appalachian Trail
Unit	Serv Proj	Scouting for Food Drop Off	03/16/24 9:00 AM	03/16/24 12:00 PM	Eldersburg
Unit	Camping	Ski Shawnee	03/09/24	03/10/24	Ski Shawnee
Troop	Hiking	Orienteering Course Design	02/25/24 9:00 AM	02/25/24 12:00 PM	McKeldin Area Park
Troop	Serv Proj	Scout Sunday	02/11/24	02/11/24	St Joseph 10:45 am Mass
Unit	Camping	Camping	02/09/24	02/10/24	Klondike
Crew	Hiking	Philmont Crew Hiking	02/04/24	02/04/24	Michaux State Park, Shippen
Unit	Hiking	Hiking DC tour and Marsden Tract	01/26/24	01/27/24	Mardens Tract
Unit	Camping	Cold Weather Camping and DC tour	01/26/24	01/27/24	Mardens Tract
Crew	Hiking	Philmont Crew Hiking	01/21/24	01/21/24	BWI
Unit	Meeting	Meeting	01/07/24 3:00 PM	01/07/24 7:00 PM	Saint Joseph
Crew	Hiking	Philmont Crew Hiking	12/17/23	12/17/23	(Philmont Crew Only)McKeldi
Unit	Serv Proj	Wreaths Across America	12/16/23 11:00 AM	12/16/23 2:00 PM	Linganore UMC Cemetery 9015 Clemsonville Rd Union Bridge
Unit	Camping	Camping	12/08/23	12/10/23	Camp Saffran
Unit	Serv Proj	Poinsettia Sales	12/02/23	12/02/23	Breakfast with Santa
Unit	Serv Proj	Gettysburg	11/17/23	11/19/23	Gettysburg
Unit	Camping	Gettysburg	11/17/23	11/19/23	Gettysburg
Unit	Camping	Gettysburg	11/17/23	11/19/23	Gettysburg
Unit	Hiking	Gettysburg	11/17/23	11/19/23	Gettysburg
Unit	Camping	Orienteering Meet	10/27/23	10/28/23	Jug Bay Natural Area
Unit	Camping	Orienteering Meet	10/27/23	10/29/23	Jug Bay Natural Area
Unit	Camping	Orienteering Meet	10/27/23	10/29/23	Jug Bay Natural Area
Unit	Serv Proj	Webelos Woods	10/14/23	10/14/23	Sykesville Fire
Unit	Serv Proj	Webelos Woods	10/14/23	10/14/23	Sykesville Fire
Unit	Serv Proj	Webelos Woods	10/14/23	10/14/23	Sykesville Fire
Unit	Serv Proj	Block Party	10/07/23 10:30 AM	10/07/23 4:30 PM	St Joseph
Unit	Serv Proj	Block Party	10/07/23 10:30 AM	10/07/23 4:30 PM	St Joseph
Unit	Day Trip	Air and Space- Chantilly VA	09/23/23	09/23/23	Air and Space - Chantilly
Unit	Aquatics	Aquatics	08/19/23 12:00 PM	08/19/23 4:00 PM	South Carroll Swim Club
Unit	High Adv	Seabase	08/07/23	08/13/23	Florida Keys
Unit	Meeting	Drive FROM camp	07/15/23	07/15/23	Camp Horseshoe
Unit	Camping	Summer Camp	07/09/23	07/15/23	Camp Horseshoe
Unit	Serv Proj	Summer Camp	07/09/23	07/15/23	Camp Horseshoe
Unit	Meeting	Drive to Camp	07/09/23	07/09/23	Camp Horseshoe
Unit	Camping	Summer Camp	07/09/23	07/15/23	Camp Horseshoe
Unit	Serv Proj	Serv Proj	06/11/23	06/11/23	Mt Saint Joseph's
Unit	Camping	Camping	06/09/23	06/10/23	Guppy Gulch Delta, PA
Unit	Aquatics	Aquatics	06/05/23 6:30 PM	06/05/23 8:00 PM	South Carroll Swim Club
Unit	Conservation	Conservation	05/26/23	05/28/23	Pack 110 Campout
Unit	Camping	Camping	05/26/23	05/28/23	Pack 110 Campout
Unit	Hiking	Hiking	05/26/23	05/28/23	Pack 110 Campout
Unit	Camping	Camping	05/12/23	05/13/23	Sandy Point
Unit	Conservation	Conservation	05/12/23	05/13/23	Sandy Point
Unit	Conservation	Road Clean Up	04/30/23 2:00 PM	04/30/23 4:00 PM	Meet at corner of Arrington and Henryton Rd.
Unit	Day Trip	SWIM TEST	04/23/23 7:30 PM	04/23/23 8:30 PM	YMCA Westminster
Unit	Camping	Camping	04/21/23	04/23/23	Walkersville
Unit	Camping	Camping	04/21/23	04/23/23	Walkersville
Unit	Day Trip	Meet The Troop Night	04/11/23 6:30 PM	04/11/23 8:30 PM	Wesley Freedom
Unit	Serv Proj	Troop Shed	04/10/23 10:00 AM	04/10/23 2:00 PM	Troop Shed
Unit	Serv Proj	Troop Shed	04/10/23 10:00 AM	04/10/23 2:00 PM	Troop Shed
Unit	Serv Proj	Scouting for Food	03/25/23	03/25/23	Local
Unit	Serv Proj	Scouting for Food	03/18/23	03/18/23	Local
Unit	Meeting	Meeting	03/13/23	03/13/23	
Unit	Serv Proj	Crossover	03/12/23 4:00 PM	03/12/23 6:00 PM	Optimist Club
Unit	Camping	Ski Shawnee	03/10/23	03/12/23	Ski Shawnee
Unit	Camping	Ski Shawnee	03/10/23	03/12/23	Ski Shawnee
Unit	Meeting	Meeting	03/06/23	03/06/23	
Unit	Meeting	Meeting	02/27/23	02/27/23	
Unit	Camping	Lincoln Caverns	02/03/23	02/05/23	Lincoln Caverns, Huntingdon , PA
Unit	Camping	Lincoln Caverns	02/03/23	02/05/23	Lincoln Caverns, Huntingdon , PA
Unit	Hiking	Hiking	01/20/23	01/21/23	Mardens Tract
Unit	Camping	Camping	01/20/23	01/21/23	Mardens Tract
Unit	Camping	Camping	12/16/22	12/18/22	Troop 78 Cabin, Williston, PA
Unit	Cycling	Cycling	11/18/22	11/20/22	McCoys Ferry
Unit	Camping	Camping	11/18/22	11/20/22	McCoys Ferry
Unit	Camping	Orienteering Meet	10/21/22	10/23/22	Camp Oest
Unit	Camping	Orienteering Meet	10/21/22	10/23/22	Camp Oest
Unit	Serv Proj	Webelos Woods	10/15/22	10/15/22	Sykesville Fire Station
Unit	Serv Proj	Webelos Woods	10/15/22	10/15/22	Sykesville Fire Station
Unit	Serv Proj	Serv Proj	10/09/22	10/09/22	St Joseph
Unit	Serv Proj	Piney Run Fall Festival	10/08/22	10/08/22	Piney Run
Unit	Serv Proj	St Joseph Block party	09/24/22	09/24/22	St Joseph
Unit	Serv Proj	St Joseph Block party	09/24/22	09/24/22	St Joseph
Unit	Serv Proj	St Joseph Block party	09/24/22	09/24/22	St Joseph
Unit	Cycling	Cycling	09/17/22	09/17/22	Trolley Line #9
Unit	Serv Proj	Serv Proj	08/19/22 2:30 PM	08/19/22 4:30 PM	1963 ANDREW CT, MARRIOTSVILLE
Unit	Serv Proj	Conservation	07/31/22	08/06/22	The Summit
Unit	Camping	Camping	07/31/22	08/06/22	The Summit
Unit	High Adv	High Adv	07/31/22	08/06/22	The Summit
Unit	High Adv	High Adv	07/31/22	08/06/22	The Summit
Unit	Camping	Camping	07/31/22	08/06/22	The Summit
Unit	Serv Proj	Serv Proj	07/23/22	07/23/22	Little Train Track
Unit	Camping	Summer Camp	07/10/22	07/16/22	Camp Horseshoe
Unit	Camping	Summer Camp	07/10/22	07/16/22	Camp Horseshoe
Unit	Serv Proj	Summer Camp	07/10/22	07/16/22	Camp Horseshoe
Unit	Day Trip	Astronomy	06/11/22 7:30 PM	06/11/22 11:00 PM	Alpha Ridge Park, Marriottsville
Unit	Serv Proj	Serv Proj	05/21/22	05/21/22	St Joseph- Pinewood Derby
Unit	Serv Proj	Donut Sunday	05/01/22	05/01/22	St Joseph
Unit	Serv Proj	Pack 883 Earth Day	04/23/22	04/23/22	St Joseph
Unit	Camping	Camping	04/01/22	04/03/22	Hilton Area Patapsco Valley State Park
Unit	Camping	Camping	04/01/22	04/03/22	Hilton Area Patapsco Valley State Park
Unit	Day Trip	Crossover	03/28/22 6:30 PM	03/28/22 8:30 PM	Fire Hall
Unit	Day Trip	Horseback Riding	03/27/22	03/27/22	Full Moon Farm
Unit	Serv Proj	Serv Proj	03/26/22	03/26/22	Neighborhoods Eldersburg
Unit	Serv Proj	Serv Proj	03/25/22	03/26/22	Neighborhoods Eldersburg
Unit	Serv Proj	Scouting for Food	03/19/22	03/19/22	Neighborhoods Eldersburg
Unit	Serv Proj	Pancake Breakfast	03/06/22	03/06/22	St Joseph
Unit	Serv Proj	Pancake Breakfast	03/06/22	03/06/22	St Joseph
Unit	COH	Eagle Scout Court of Honor	03/06/22	03/06/22	St Joseph
Unit	Serv Proj	Pancake Breakfast	03/06/22	03/06/22	St Joseph
Unit	Serv Proj	Pancake Breakfast	03/06/22	03/06/22	St Joseph
Unit	Serv Proj	Pancake Breakfast	03/06/22	03/06/22	St Joseph
Unit	Serv Proj	Pancake Breakfast	03/06/22	03/06/22	St Joseph
Unit	Serv Proj	Pancake Breakfast	03/06/22	03/06/22	St Joseph
Unit	Day Trip	Day Trip	02/05/22	02/05/22	Klondike
Unit	Camping	Klondike	02/04/22	02/06/22	Carroll County AG Center
Unit	Camping	Camping	02/04/22	02/05/22	Klondike
Unit	Camping	Camping	01/22/22	01/23/22	Elkton, MD
Unit	Serv Proj	Donut Sunday	01/02/22 7:00 AM	01/02/22 9:30 AM	
Unit	Paperwork	Registration for Summer Camp	12/20/21	02/14/22	Camp Horseshoe
Unit	Meeting	Meeting	12/19/21	12/19/21	
Unit	Camping	Camping	12/18/21	12/18/21	Troop 78 Cabin
Unit	Day Trip	Day Trip	12/18/21	12/18/21	USS New Jersey
Unit	Camping	Camping	12/17/21	12/19/21	Troop 78 Cabin
Unit	Meeting	Meeting	12/13/21	12/13/21	
Unit	Meeting	Meeting	12/06/21	12/06/21	
Unit	Serv Proj	Gettysburg Illumination	11/20/21	11/20/21	Gettysburg National Cemetery
Unit	Camping	Camping	11/19/21	11/21/21	Gettysburg Illumination
Unit	Camping	Gettysburg	11/19/21	11/19/21	Gettysburg
Unit	Meeting	Meeting	11/15/21	11/15/21	
Unit	Meeting	Meeting	11/08/21	11/08/21	
Unit	Serv Proj	Donut Sunday	10/24/21	10/24/21	St Joseph
Unit	Camping	Camping	10/22/21	10/23/21	Orienteering Jugs Bay
Unit	Meeting	Meeting	10/18/21	10/18/21	
Unit	Meeting	Meeting	10/18/21	10/18/21	SJJC
Unit	Meeting	Meeting	10/11/21	10/11/21	
Unit	Serv Proj	Serv Proj	10/09/21	10/09/21	Webelos Woods
Unit	Serv Proj	Serv Proj	10/09/21	10/09/21	Webelos Woods
Unit	Serv Proj	Serv Proj	10/09/21	10/09/21	Webelos Woods
Unit	Serv Proj	Serv Proj	10/09/21	10/09/21	Webelos Woods
Unit	Day Trip	Day Trip	10/09/21	10/09/21	Webelos Woods
Unit	Serv Proj	Serv Proj	09/25/21	09/25/21	SJCC Ministry Fair
Unit	Serv Proj	Serv Proj	09/25/21	09/25/21	SJCC Ministry Fair
Unit	Serv Proj	Serv Proj	09/25/21	09/25/21	SJCC Ministry Fair
Unit	Serv Proj	Serv Proj	09/24/21	10/22/21	OMS
Unit	Camping	Camping	09/18/21	09/18/21	Virtual
Unit	Hiking	Hiking	09/18/21	09/18/21	
Unit	Serv Proj	9/11 Recognition	09/11/21	09/11/21	St Joseph
Unit	Hiking	Hiking	09/03/21	09/03/21	Liberty
Unit	Serv Proj	Serv Proj	09/01/21	09/01/21	Christian Preschool
Unit	Hiking	Hiking	08/31/21	08/31/21	BWI
Unit	Serv Proj	Serv Proj	08/06/21	08/06/21	Camp Horseshoe
Unit	Camping	Camping	08/01/21	08/06/21	Camp Horseshoe
Unit	Camping	Camping	08/01/21	08/07/21	Camp Horseshoe
Unit	Camping	Camping	08/01/21	08/07/21	Camp Horseshoe
Unit	Hiking	Hiking	07/31/21	07/31/21	Assateague
Unit	Camping	Virtual Camp and Day Trip	07/26/21	07/26/21	Harper's Ferry
Unit	Hiking	Hiking	07/06/21	07/20/21	Philmont
Unit	High Adv	High Adv	07/06/21	07/20/21	Philmont
Unit	Camping	Camping	07/06/21	07/20/21	Philmont
Unit	Hiking	Hiking	07/03/21	07/03/21	Hilton Area Patapsco Valley State Park
Unit	Meeting	Meeting	06/28/21	06/28/21	
Unit	Serv Proj	Chesapeake Conservancy	06/26/21	06/26/21	Sandy Point
Unit	Serv Proj	Beach Cleanup	06/26/21	06/26/21	Sandy Point
Unit	Camping	Camping	06/25/21	06/26/21	Sandy Point
Unit	Camping	Camping	06/25/21	06/27/21	Sandy Point
Unit	Meeting	Meeting	06/21/21	06/21/21	
Unit	Hiking	Hiking	06/13/21	06/13/21	Liberty
Unit	Hiking	Hiking	06/12/21	06/12/21	Freedom
Unit	Hiking	Hiking	05/31/21	05/31/21	
Unit	Meeting	Meeting	05/24/21	05/24/21	
Unit	Meeting	Meeting	05/24/21	05/24/21	
Unit	Meeting	Meeting	05/17/21	05/17/21	Virtual
Unit	Meeting	Meeting	05/10/21	05/10/21	
Unit	Hiking	Hiking	05/08/21	05/08/21	Mckeldin
Unit	Camping	Camping	05/07/21	05/07/21	Virtual
Unit	Meeting	Meeting	05/03/21	05/03/21	
Unit	Meeting	Meeting	04/26/21	04/26/21	Virtual
Unit	Serv Proj	Serv Proj	04/24/21	04/24/21	OA Ordeal
Unit	Meeting	Meeting	04/19/21	04/19/21	
Unit	Hiking	Hiking	04/16/21	04/16/21	
Unit	Camping	Camping	04/16/21	04/18/21	Washington Monument
Unit	Camping	Camping	04/16/21	04/16/21	Virtual
Unit	Meeting	Meeting	04/12/21	04/12/21	Virtual
Unit	Hiking	Hiking	04/05/21	04/05/21	Catoctin
Unit	Hiking	Hiking	04/02/21	04/02/21	
Unit	Serv Proj	Serv Proj	03/27/21	03/27/21	Scouting for Food Delivery
Unit	Hiking	Hiking	03/27/21	03/27/21	
Unit	Serv Proj	Serv Proj	03/27/21	03/27/21	Scouting for Food
Unit	Serv Proj	Serv Proj	03/20/21	03/20/21	Scouting for Food
Unit	Serv Proj	Serv Proj	03/15/21	03/15/21	Scouting for Food Stuff Flyers
Unit	Meeting	Meeting	03/15/21	03/15/21	St Joseph
Unit	Hiking	Hiking	03/13/21	03/13/21	Mckeldin
Unit	Meeting	Meeting	03/08/21	03/08/21	St Joseph
Unit	Hiking	Hiking	03/07/21	03/07/21	Hilton Area Patapsco Valley State Park
Unit	Camping	Camping	03/06/21	03/06/21	Virtual
Unit	Meeting	Meeting	03/01/21	03/01/21	St Joseph
Unit	Meeting	Meeting	02/22/21	02/22/21	
Unit	Serv Proj	Serv Proj	02/22/21	02/22/21	Elderly Snow Shoveling
Unit	Serv Proj	Serv Proj	02/18/21	02/18/21	Elderly Snow Shoveling
Unit	Meeting	Meeting	02/08/21	02/08/21	Chess Tournament
Individual	Serv Proj	Serv Proj	02/02/21	02/02/21	Elderly Snow Shoveling
Individual	Serv Proj	Serv Proj	02/01/21	02/01/21	Elderly Snow Shoveling
Individual	Serv Proj	Serv Proj	02/01/21	02/01/21	Elderly Snow Shoveling
Individual	Serv Proj	Serv Proj	01/30/21	02/01/21	Valentine Day Cards
Unit	Meeting	Meeting	01/25/21	01/25/21	Virtual
Unit	Hiking	Hiking	01/24/21	01/24/21	
Unit	Meeting	Meeting	01/11/21	01/11/21	
Individual	Serv Proj	Serv Proj	12/19/20	12/19/20	Wreaths Across America
Individual	Serv Proj	Serv Proj	12/18/20	12/18/20	Elderly Snow Shoveling
Unit	Meeting	Meeting	11/30/20	11/30/20	Virtual
Unit	Conservation	Conservation	11/21/20	11/21/20	River Road Patapsco Valley
Unit	Hiking	Hiking	11/21/20	11/21/20	River Road Patapsco Valley
Unit	Camping	Camping	11/21/20	11/21/20	St Joseph
Unit	Camping	Virtual Camping	11/20/20	11/20/20	Home!
Unit	Meeting	Meeting	11/16/20	11/16/20	St Joseph
Unit	Meeting	Meeting	11/09/20	11/09/20	
Unit	Serv Proj	Serv Proj	11/08/20	11/08/20	Gamber Webelos woods
Unit	Serv Proj	Serv Proj	11/08/20	11/08/20	Gamber Webelos woods
Unit	Meeting	Meeting	11/02/20	11/02/20	
Unit	Camping	Camping	10/30/20	10/31/20	Walkersville
Unit	Meeting	Meeting	10/26/20	10/26/20	
Unit	Camping	Camping- Virtual	10/19/20	10/19/20	Corn Maze
Unit	Hiking	Hiking	10/17/20	10/17/20	Hilton
Unit	Paperwork	COVID Documents Minors	10/13/20	10/13/20	
Unit	Meeting	Meeting	09/28/20	09/28/20	
Unit	Meeting	Meeting	09/21/20	09/21/20	
Unit	Serv Proj	Scouting For Food	09/19/20	09/19/20	
Unit	Camping	Camping	09/18/20	09/18/20	Virtual: Adventure Park
Unit	Meeting	Meeting	09/14/20	09/14/20	
Unit	Paperwork	St Joseph COVID Adults	09/02/20	09/02/20	
Unit	Meeting	Meeting	08/24/20	08/24/20	Freedom Park
Unit	Serv Proj	Scouting For Food	08/22/20	08/22/20	
Unit	Meeting	Meeting	08/17/20	08/17/20	
Unit	Hiking	Hiking	08/17/20	08/17/20	Freedom
Unit	Meeting	Meeting	08/10/20	08/10/20	
Unit	Meeting	Meeting	07/27/20	07/27/20	Freedom Park
Unit	Meeting	Meeting	07/23/20	07/23/20	Virtual
Unit	Meeting	Meeting	07/13/20	07/13/20	Virtual -Eagle Talk
Unit	Meeting	Meeting	06/29/20	06/29/20	Virtual
Unit	Conservation	Conservation	06/24/20	06/24/20	Henryton Road
Unit	Conservation	Conservation	06/24/20	06/24/20	Henryton Road
Unit	Meeting	Meeting	06/22/20	06/22/20	Virtual
Unit	Meeting	Meeting	06/15/20	06/15/20	
Unit	Hiking	Hiking	06/13/20	06/13/20	Annapolis Rocks
Unit	Meeting	Meeting	06/08/20	06/08/20	Virtual
Unit	Meeting	Meeting	06/01/20	06/01/20	First Aid Kahoot
Unit	Meeting	Meeting	04/27/20	04/27/20	Virtual -Citizenship
Unit	Meeting	Meeting	04/06/20	04/06/20	Virtual
Unit	Camping	Camping	02/21/20	02/21/20	Walkersville
Unit	Serv Proj	Valentines Day Flowers	02/08/20	02/08/20	Fairhaven
Unit	Serv Proj	Donut Sunday	12/15/19	12/15/19	St Joseph
Unit	Camping	Camping	12/06/19	12/06/19	Troop 78 Cabin
Unit	Hiking	Hiking	12/06/19	12/06/19	Philadelphia
Unit	Serv Proj	Serv Proj	12/04/19	12/04/19	Good Scout Breakfast
Unit	Camping	Camping	11/01/19	11/01/19	Camp Oest
Unit	Serv Proj	Serv Proj	10/26/19	10/26/19	Mount St Joseph
Unit	Camping	Camping	10/11/19	10/11/19	Winding Trails
Unit	Meeting	Meeting	10/08/19	10/08/19	
Unit	Serv Proj	Serv Proj	09/30/19	09/30/19	Henryton Road
Unit	Conservation	Conservation	09/30/19	09/30/19	Henryton Road
Unit	Camping	Camping	09/27/19	09/27/19	Eagle's Nest
Unit	Hiking	Hiking	09/21/19	09/21/19	Gettysburg
Unit	Camping	Camping	09/21/19	09/21/19	Gettysburg
Unit	Serv Proj	Patrol Project	08/03/19	08/03/19	Camp Horseshoe
Unit	Conservation	Conservation	08/03/19	08/03/19	Camp Horseshoe
Unit	Camping	Camping	07/28/19	08/04/19	Camp Horseshoe
Crew	Serv Proj	Serv Proj	07/19/19	07/19/19	Philmont
Crew	Conservation	Conservation	07/19/19	07/19/19	Philmont
Crew	Hiking	Hiking	07/09/19	07/22/19	Philmont
Unit	High Adv	High Adv	07/09/19	07/22/19	Philmont
Unit	Camping	Camping	07/09/19	07/22/19	Philmont
Unit	Hiking	Hiking	06/14/19	06/15/19	Walkersville Watershed
Unit	Camping	Camping	06/14/19	06/15/19	Walkersville Watershed
Unit	Paddle	Paddle	06/07/19	06/07/19	Patuxent River Park
Unit	Camping	Camping	06/07/19	06/07/19	Patuxent River Park
Unit	Serv Proj	Serv Proj	05/19/19	05/19/19	
Unit	Serv Proj	Serv Proj	05/19/19	05/19/19	
Unit	Serv Proj	Serv Proj	05/19/19	05/19/19	
Unit	Hiking	Hiking	05/18/19	05/18/19	Washington Monument
Unit	Camping	Camping	05/18/19	05/18/19	Washington Monument
Unit	Hiking	Hiking	04/26/19	04/26/19	Kalmbach Compound
Unit	Camping	Camping	04/26/19	04/26/19	Kalmbach Compound
Unit	Camping	Camping	04/12/19	04/12/19	Hilton Area Patapsco Valley
Unit	Hiking	Hiking	03/29/19	03/29/19	Poplar Grove
Unit	Camping	Camping	03/29/19	03/29/19	Poplar Grove
Unit	Day Trip	Day Trip	03/24/19	03/24/19	Pancake Breakfast Fundraiser
Unit	Serv Proj	Serv Proj	03/23/19	03/23/19	Scouting for Food
Unit	Hiking	Hiking	03/23/19	03/23/19	Sykesville River Road Trail
Unit	Serv Proj	Scouting For Food	03/16/19	03/16/19	
Unit	Meeting	Meeting	02/15/19	02/15/19	
Troop	Camping	Camping	02/01/19	02/02/19	Punxsutawney
Unit	Serv Proj	Serv Proj	01/19/19	01/19/19	St Joseph
Troop	Camping	Camping	12/14/18	12/16/18	Troop 78 Cabin
Unit	Serv Proj	Serv Proj	12/05/18	12/05/18	Good Scout Breakfast
Troop	Serv Proj	Serv Proj	12/01/18 10:45 AM	12/01/18 12:00 PM	St Joseph's Donut Sunday
Troop	Serv Proj	Serv Proj	12/01/18 8:45 AM	12/01/18 9:45 AM	St Joseph's Donut Sunday
Troop	Camping	Camping	11/02/18	11/04/18	Camp Horseshoe
Troop	Day Trip	Day Trip	10/27/18	10/27/18	Jug Bay Orienteering
Troop	Serv Proj	Serv Proj	10/21/18	10/21/18	150th Jubilee Breakfast
Troop	Serv Proj	Serv Proj	10/21/18	10/21/18	150th Jubilee Breakfast
Troop	Serv Proj	Serv Proj	10/21/18	10/21/18	150th Jubilee Breakfast
Troop	Serv Proj	Serv Proj	10/21/18	10/21/18	150th Jubilee Breakfast
Troop	Serv Proj	Serv Proj	10/21/18	10/21/18	150th Jubilee Breakfast
Unit	Serv Proj	Serv Proj	10/21/18	10/21/18	150th Jubilee Breakfast
Unit	Riding	Riding	10/20/18	10/20/18	Western Maryland Trail
Unit	Riding	Riding	10/20/18	10/20/18	Western Maryland Trail
Troop	Conservation	Conservation	10/08/18	10/08/18	Henryton Road
Troop	Camping	Camping	08/24/18	08/26/18	Order of the Arrow Ordeal
Troop	Serv Proj	Serv Proj	08/24/18	08/24/18	OA Ordeal Service Hours
Troop	Camping	Camping	08/05/18	08/11/18	Camp Horseshoe CIT
Troop	Serv Proj	Serv Proj	08/05/18	08/05/18	Camp Horseshoe CIT
Troop	Conservation	Conservation	08/03/18	08/03/18	Camp Horseshoe Patrol Project
Troop	Camping	Camping	07/29/18	08/04/18	Camp Horseshoe
Troop	Camping	Camping	07/29/18	08/05/18	Camp Horseshoe
Troop	Camping	Camping	07/28/18	08/04/18	Wente Scout Reservation, CA
Troop	Serv Proj	Serv Proj	07/22/18	07/22/18	Camp Horseshoe CIT
Troop	Camping	Camping	07/22/18	07/27/18	Camp Horseshoe CIT
Troop	Camping	Camping	06/15/18	06/16/18	Washington Mon State park
Troop	Camping	Camping	06/15/18	06/17/18	Washington Mon. State Park
Unit	Day Trip	Day Trip	04/29/18	04/29/18	Pancake Breakfast Fundraiser
Troop	Hiking	Hiking	04/07/18	04/07/18	Hilton Area Patp. Valley
Troop	Serv Proj	Serv Proj	04/06/18 6:30 PM	04/06/18 9:00 AM	Arrow of Light
Troop	Camping	Camping	04/06/18	04/08/18	Hilton Area Patapsco Valley
Troop	Serv Proj	Serv Proj	03/21/18	03/21/18	Scouting for Food
Troop	Camping	Camping	03/16/18	03/18/18	Patuxent Wildlife Research
Troop	Serv Proj	Serv Proj	03/15/18	03/15/18	Scouting for Food
Troop	Hiking	Hiking	03/14/18	03/14/18	Patuxent Wild Life Refuge
Troop	Hiking	Hiking	02/17/18	02/17/18	Laurel Highlands
Troop	Camping	Camping	02/16/18	02/18/18	Big Run State Park
Unit	Day Trip	Day Trip	02/04/18	02/04/18	Pancake Breakfast Fundraiser
Troop	Camping	Camping	01/12/18	01/13/18	Klondike
Troop	Camping	Camping	12/08/17	12/10/17	Greenbelt
Troop	Camping	Camping	12/08/17	12/09/17	Greenbelt
Troop	Camping	Camping	11/03/17	11/04/17	Orienteering at Broadcreek
Troop	Hiking	Hiking	10/21/17	10/21/17	C and O
Troop	Camping	Camping	10/20/17	10/22/17	Camp at McCoys Ferry
Troop	Serv Proj	Serv Proj	10/12/17	10/12/17	Operation Christmas Child
Troop	Troop Mtg	Troop Mtg	10/02/17	10/02/17	
Troop	Troop Mtg	Troop Mtg	09/25/17	09/25/17	
Unit	Serv Proj	Serv Proj	09/24/17	09/24/17	Henryton Rd
Troop	Troop Mtg	Troop Mtg	09/18/17	09/18/17	
Troop	Camping	Camping	09/15/17	09/17/17	Laurel Caverns
Troop	Camping	Camping	08/15/17	08/22/17	Seabase
Troop	Conservation	Conservation	08/15/17	08/15/17	Seabase 8-15 to 8-21
Troop	High Adv	High Adv	08/15/17	08/15/17	Seabase 8-15 to 8-21
Troop	Troop Mtg	Troop Mtg	08/14/17	08/14/17	
Troop	Camping	Camping	07/30/17	08/04/17	Horseshoe Scout Reservation
Unit	Conservation	Conservation	07/30/17	07/30/17	Camp Horseshoe
Troop	Camping	Camping	07/30/17	08/06/17	Horseshoe Scout Reservation
Troop	Serv Proj	Serv Proj	07/27/17	07/27/17	St Josephs
Troop	Serv Proj	Serv Proj	07/25/17	07/25/17	St Joseph's
Troop	Conservation	Conservation	06/26/17	06/26/17	Henryton Road
Troop	Camping	Camping	06/25/17	06/28/17	Summit
Troop	Camping	Camping	06/25/17	07/01/17	Summit
Troop	High Adv	High Adv	06/25/17	06/25/17	The Summit Experience
Troop	Paddle	Paddle	06/17/17	06/17/17	Monocacy River
Troop	Camping	Camping	06/17/17	06/18/17	Miller's
Troop	Troop Mtg	Troop Mtg	06/12/17	06/12/17	SJCC
Troop	Serv Proj	Serv Proj	06/10/17	06/10/17	Wesley Freedom
Troop	Troop Mtg	Troop Mtg	06/05/17	06/05/17	Miller's Pool
Unit	Meeting	Meeting	05/15/17	05/15/17	
Troop	Troop Mtg	Troop Mtg	05/08/17	05/08/17	
Troop	Camping	Camping	05/06/17	05/08/17	Sykesville Camporee
Troop	Troop Mtg	Troop Mtg	05/01/17	05/01/17	
Unit	Meeting	Meeting	04/22/17	04/22/17	
Troop	COH	COH	04/22/17	04/22/17	Baum ECOH
Troop	Camping	Camping	04/08/17	04/09/17	McKeldin
Troop	Troop Mtg	Troop Mtg	04/03/17	04/03/17	Troop Meeting SJCC
Troop	Serv Proj	Serv Proj	03/25/17	03/25/17	Scouting for Food
Troop	Serv Proj	Serv Proj	03/18/17	03/18/17	Scouting For Food
Troop	Camping	Camping	03/17/17	03/19/17	McCoy's Ferry Campground
Troop	Hiking	Hiking	03/17/17	03/17/17	C and O Canal
Troop	Troop Mtg	Troop Mtg	03/06/17	03/06/17	Troop Meeting SJJC
Unit	Meeting	Meeting	02/27/17	02/27/17	
Troop	Troop Mtg	Troop Mtg	02/13/17	02/13/17	SJCC
Troop	Troop Mtg	Troop Mtg	01/23/17	01/23/17	SJCC
Troop	Camping	Camping	01/20/17	01/21/17	Kalmbach Compund
Troop	Serv Proj	Serv Proj	12/28/16 9:00 AM	12/28/16 11:00 AM	SJCC
Troop	Hiking	Hiking	12/10/16	12/10/16	Valley Forge
Troop	Camping	Camping	12/09/16	12/11/16	Troop 78 Cabin
Troop	Conservation	Conservation	12/04/16 2:00 PM	12/04/16 4:30 PM	Road Crew
Troop	Camping	Camping	11/11/16	11/13/16	Rocky Mount to Antietam Creek
Troop	Hiking	Hiking	11/11/16	11/11/16	AT
Troop	Camping	Camping	10/28/16	10/30/16	Jug Bay
Troop	Camping	Camping	10/28/16	10/29/16	Jug Bay
Troop	Troop Mtg	Troop Mtg	10/10/16	10/10/16	SJCC
Troop	Hiking	Hiking	09/19/16	09/19/16	Antietam
Troop	Camping	Camping	09/16/16	09/18/16	Antietam
Troop	Troop Mtg	Troop Mtg	09/03/16	09/03/16	
Unit	Conservation	Conservation	08/15/16	08/15/16	Philmont
Troop	High Adv	High Adv	08/01/16	08/01/16	Philmont Scout Reservation
Troop	Hiking	Hiking	08/01/16	08/01/16	Philmont Scout Reservation
Troop	Hiking	Hiking	08/01/16	08/01/16	Philmont Scout Reservation
Troop	High Adv	High Adv	08/01/16	08/01/16	Philmont Scout Reservation
Troop	Camping	Camping	08/01/16	08/13/16	Philmont Scout Reservation
Unit	Conservation	Conservation	07/31/16	07/31/16	Camp Horseshoe
Troop	Camping	Camping	07/31/16	08/07/16	Horseshoe
Troop	Camping	Camping	07/31/16	08/05/16	Horseshoe
Troop	High Adv	High Adv	07/15/16	07/15/16	Philmont
Troop	Camping	Camping	07/15/16	07/15/16	Philmont
Troop	Hiking	Hiking	07/15/16	07/15/16	Philmont
Troop	Camping	Camping	06/24/16	06/26/16	Kalmbach Compound
Troop	Serv Proj	Serv Proj	06/07/16 7:00 PM	06/07/16 9:00 AM	Marriottsville
Troop	Serv Proj	Serv Proj	06/04/16 9:00 AM	06/04/16 12:00 PM	Saint Joseph/Wesley Freedom
Troop	Camping	Camping	05/20/16	05/22/16	Greenbelt
Troop	Troop Mtg	Troop Mtg	04/18/16	04/18/16	
Troop	Camping	Camping	04/15/16 6:00 PM	04/17/16 11:00 AM	Quantico, VA
Troop	Serv Proj	Serv Proj	04/10/16 7:00 AM	04/10/16 12:00 PM	Saint Joseph
Troop	Hiking	Hiking	03/19/16	03/19/16	Gettysburg
Troop	Camping	Camping	03/18/16 5:30 PM	03/20/16 12:30 PM	Gettysburg, PA
Troop	COH	COH	03/07/16 7:00 PM	03/07/16 8:30 PM	SJCC
Troop	Serv Proj	Serv Proj	03/05/16 9:00 AM	03/05/16 10:00 AM	
Troop	Serv Proj	Serv Proj	02/28/16	02/28/16	Scouting for Food
Troop	Camping	Camping	02/26/16	02/28/16	Roundtop
Troop	Troop Mtg	Troop Mtg	02/08/16 7:00 PM	02/08/16 8:30 PM	SJCC
Troop	Troop Mtg	Troop Mtg	02/01/16 7:00 PM	02/01/16 8:30 PM	SJCC
Troop	Camping	Camping	01/15/16 6:00 AM	01/19/16 6:00 PM	OKPIK
Troop	Camping	Camping	01/15/16	01/17/16	Klondike
Troop	High Adv	High Adv	01/15/16	01/15/16	Northern Tier Okpik
Troop	Troop Mtg	Troop Mtg	01/09/16	01/09/16	
Troop	Serv Proj	Serv Proj	01/08/16 7:00 AM	01/08/16 12:00 PM	Coffee and Donuts
Troop	Troop Mtg	Troop Mtg	01/04/16 7:00 PM	01/04/16 8:30 PM	SJCC
Troop	Troop Mtg	Troop Mtg	12/21/15 7:00 PM	12/21/15 8:30 PM	SJCC
Troop	Camping	Camping	12/04/15 6:00 PM	12/05/15 6:00 PM	Annapolis Outing
Troop	Troop Mtg	Troop Mtg	11/30/15 7:30 PM	11/30/15 8:30 PM	SJCC
Troop	Camping	Camping	11/06/15 6:00 PM	11/08/15 12:00 PM	
Troop	Troop Mtg	Troop Mtg	10/26/15 7:00 PM	10/26/15 8:30 PM	SJCC
Troop	Troop Mtg	Troop Mtg	10/19/15 7:00 PM	10/19/15 8:30 PM	SJCC
Troop	Camping	Camping	10/16/15 6:00 PM	10/18/15 12:00 PM	
Troop	Hiking	Hiking	10/16/15 9:00 AM	10/16/15 5:00 PM	Catoctin
Troop	Troop Mtg	Troop Mtg	09/28/15 7:00 PM	09/28/15 8:30 PM	SJCC
Troop	Camping	Camping	09/18/15 6:00 PM	09/20/15 12:00 PM	
Troop	Hiking	Hiking	09/18/15 9:00 AM	09/18/15 5:00 PM	Gettysburg NPS
Troop	COH	COH	09/14/15 7:00 PM	09/14/15 8:00 PM	SJCC
Troop	Troop Mtg	Troop Mtg	08/24/15 7:00 PM	08/24/15 8:30 PM	SJCC
Troop	Camping	Camping	07/05/15 11:00 AM	07/10/15 1:00 PM	Horseshoe
Troop	Camping	Camping	07/05/15 11:00 AM	07/07/15 1:00 PM	Horseshoe
Troop	Camping	Camping	07/05/15 11:00 AM	07/12/15 1:00 PM	Horseshoe
Troop	Camping	Camping	07/05/15 11:00 AM	07/11/15 1:00 PM	Horseshoe
Troop	Troop Mtg	Troop Mtg	06/08/15 7:00 PM	06/08/15 8:30 PM	SJCC
Troop	Troop Mtg	Troop Mtg	05/11/15 7:00 PM	05/11/15 8:30 PM	SJCC
Troop	Camping	Camping	05/01/15 6:00 PM	05/03/15 11:00 AM	C&O Canal
Troop	Cycling	Cycling	05/01/15 6:00 PM	05/01/15 11:00 AM	C&O Canal
Troop	Camping	Camping	05/01/15 6:00 PM	05/03/15 11:00 AM	Greenbrier State Park
Troop	Troop Mtg	Troop Mtg	04/27/15 7:00 PM	04/27/15 8:30 PM	SJCC
Troop	PLC Mtg	PLC Mtg	04/20/15 7:00 PM	04/20/15 8:30 PM	
Troop	Camping	Camping	04/17/15	04/19/15	River Riders High Ropes
Troop	Troop Mtg	Troop Mtg	04/13/15 7:00 PM	04/13/15 8:30 PM	SJCC
Troop	Troop Mtg	Troop Mtg	03/30/15 7:00 PM	03/30/15 8:30 PM	SJCC
Troop	Serv Proj	Serv Proj	03/28/15	03/28/15	LHS
Troop	Troop Mtg	Troop Mtg	03/23/15 7:00 PM	03/23/15 8:30 PM	SJCC
Troop	Serv Proj	Serv Proj	03/21/15	03/21/15	LHS
Troop	Camping	Camping	03/06/15 5:00 PM	03/08/15 11:00 AM	Camp Horseshoe
Troop	Troop Mtg	Troop Mtg	02/09/15 7:00 PM	02/09/15 8:30 PM	SJCC
Troop	Camping	Camping	02/06/15	02/08/15	Knights of Columbus
Troop	Camping	Camping	01/09/15	01/11/15	Tuckahoe Scout Reservation
Troop	Troop Mtg	Troop Mtg	01/05/15 7:00 PM	01/05/15 8:30 PM	SJCC
Troop	Camping	Camping	12/05/14	12/07/14	T78 Cabin
Troop	COH	COH	11/24/14 7:00 PM	11/24/14 8:30 PM	SJCC
Troop	Troop Mtg	Troop Mtg	11/17/14 7:00 PM	11/17/14 8:30 PM	SJCC
Troop	Troop Mtg	Troop Mtg	11/10/14 7:00 PM	11/10/14 8:30 PM	SJCC
Troop	Camping	Camping	11/07/14 6:00 PM	11/09/14 1:00 PM	Appalachian Trail
Troop	Hiking	Hiking	11/07/14	11/07/14	AT
Troop	Hiking	Hiking	11/07/14	11/07/14	AT
Troop	Camping	Camping	11/06/14 6:00 PM	11/08/14 1:00 PM	Appalachian Trail
Troop	Troop Mtg	Troop Mtg	10/20/14 7:00 PM	10/20/14 8:30 PM	SJCC
Troop	Troop Mtg	Troop Mtg	10/13/14 7:00 PM	10/13/14 8:30 PM	SJCC
Troop	Camping	Camping	10/10/14 6:00 PM	10/12/14 1:00 PM	Ohiopyle
Troop	Troop Mtg	Troop Mtg	10/06/14 7:00 PM	10/06/14 8:30 PM	SJCC
Troop	Troop Mtg	Troop Mtg	09/29/14 7:00 PM	09/29/14 8:30 PM	SJCC
Troop	Troop Mtg	Troop Mtg	09/22/14 7:00 PM	09/22/14 8:30 PM	SJCC
Troop	COH	COH	09/15/14 7:00 PM	09/15/14 8:30 PM	SJCC
Troop	Cycling	Cycling	09/12/14	09/12/14	C&O Canal
Troop	Troop Mtg	Troop Mtg	09/07/14 7:00 PM	09/07/14 8:30 PM	SJCC
Troop	COH	COH	08/25/14 7:00 PM	08/25/14 8:30 PM	SJCC
Troop	Troop Mtg	Troop Mtg	08/11/14 7:00 PM	08/11/14 8:30 PM	SJCC
Troop	Troop Mtg	Troop Mtg	07/21/14 7:00 PM	07/21/14 8:30 PM	SJCC
Troop	Troop Mtg	Troop Mtg	07/14/14 7:00 PM	07/14/14 8:30 PM	SJCC
Troop	Troop Mtg	Troop Mtg	06/30/14 7:00 PM	06/30/14 8:30 PM	SJCC
Troop	High Adv	High Adv	06/26/14	06/26/14	Seabase
Troop	Camping	Camping	06/26/14	07/01/14	Florida Sea Base
Troop	Troop Mtg	Troop Mtg	06/23/14 7:00 PM	06/23/14 8:30 PM	SJCC
Troop	Troop Mtg	Troop Mtg	06/06/14 7:00 PM	06/06/14 8:30 PM	SJCC
Troop	COH	COH	06/02/14 7:00 PM	06/02/14 8:30 PM	SJCC
Troop	Camping	Camping	05/16/14	05/18/14	BCMSR
Troop	COH	COH	05/12/14 7:00 PM	05/12/14 8:30 PM	Court of Honor
Troop	Troop Mtg	Troop Mtg	04/28/14 7:00 PM	04/28/14 8:30 PM	SJCC
Troop	Camping	Camping	04/26/14	04/28/14	Sandy Point State Park
Troop	PLC Mtg	PLC Mtg	04/13/14 4:00 PM	04/13/14 5:30 PM	PLC Meeting
Troop	Troop Mtg	Troop Mtg	04/07/14 7:00 PM	04/07/14 8:30 PM	SJCC
Troop	Serv Proj	Serv Proj	04/05/14	04/05/14	Scouting for Food Pick Up
Troop	Camping	Camping	04/04/14 5:00 PM	04/06/14 1:00 PM	Calvert Cliffs State Park
Troop	Troop Mtg	Troop Mtg	03/31/14 7:00 PM	03/31/14 8:30 PM	SJCC
Troop	Serv Proj	Serv Proj	03/29/14 8:30 PM	03/29/14 8:30 PM	Scouting for Food Drop Off
Troop	Troop Mtg	Troop Mtg	03/24/14 7:00 PM	03/24/14 8:30 PM	SJCC
Troop	PLC Mtg	PLC Mtg	03/16/14 4:00 PM	03/16/14 5:30 PM	Fischers
Troop	Troop Mtg	Troop Mtg	03/10/14 7:00 PM	03/10/14 8:30 PM	SJCC
Troop	Camping	Camping	03/07/14	03/09/14	T78 Cabin
Troop	Troop Mtg	Troop Mtg	02/25/14 7:00 PM	02/25/14 8:30 PM	SJCC
Troop	COH	COH	02/23/14 3:00 PM	02/23/14 6:00 PM	SJCC
Troop	PLC Mtg	PLC Mtg	02/16/14 4:00 PM	02/16/14 5:30 PM	Kalmbach's
Troop	Camping	Camping	02/10/14 7:00 PM	02/11/14 8:30 PM	SJCC
Troop	Camping	Camping	02/07/14	02/07/14	Knights of Columbus - no camp
Troop	Camping	Camping	02/07/14	02/08/14	Knights of Columbus
Troop	Troop Mtg	Troop Mtg	01/27/14 7:00 PM	01/27/14 8:30 PM	SJCC
Troop	Day Trip	Day Trip	01/25/14 6:30 AM	01/25/14 6:00 PM	Klondike
Troop	PLC Mtg	PLC Mtg	01/19/14 4:00 PM	01/19/14 5:30 PM	Fischers
Troop	Troop Mtg	Troop Mtg	01/13/14 7:00 PM	01/13/14 8:30 PM	sjcc
Troop	Troop Mtg	Troop Mtg	12/16/13 7:00 PM	12/16/13 8:30 PM	SJCC
Troop	Camping	Camping	12/13/13	12/15/13	NYC
Troop	Troop Mtg	Troop Mtg	12/09/13	12/09/13	Cancelled due to snow
Troop	Troop Mtg	Troop Mtg	12/02/13 7:00 PM	12/02/13 8:30 PM	SJCC
Troop	Troop Mtg	Troop Mtg	11/28/13 7:00 PM	11/28/13 8:30 PM	SJCC
Troop	Camping	Camping	11/01/13	11/02/13	Harper's Ferry - Zip Line
Troop	Camping	Camping	11/01/13	11/03/13	Harper's Ferry - Zip Line
Troop	Troop Mtg	Troop Mtg	10/28/13 7:00 PM	10/28/13 8:30 PM	SJCC
Troop	Troop Mtg	Troop Mtg	10/21/13 7:00 PM	10/21/13 8:30 PM	SJCC
Troop	PLC Mtg	PLC Mtg	10/20/13 4:00 PM	10/20/13 5:30 PM	Fischers
Troop	Serv Proj	Serv Proj	10/19/13 8:00 AM	10/19/13 4:00 PM	Den Leader/Chief Training
Troop	Camping	Camping	10/11/13	10/13/13	Caving - Western MD
Troop	Troop Mtg	Troop Mtg	10/07/13 7:00 PM	10/07/13 8:30 PM	SJCC
Troop	Troop Mtg	Troop Mtg	09/30/13 7:00 PM	09/30/13 8:30 PM	SJCC
Troop	Troop Mtg	Troop Mtg	09/23/13 7:00 PM	09/23/13 8:30 PM	SJCC - QM Clean Up
Troop	Troop Mtg	Troop Mtg	09/16/13 7:00 PM	09/16/13 8:30 PM	SJCC
Troop	Troop Mtg	Troop Mtg	09/16/13 7:00 PM	09/16/13 8:30 PM	SJCC
Troop	Camping	Camping	09/06/13	09/08/13	Survivorman - Lafferty Farm
Troop	Troop Mtg	Troop Mtg	08/26/13 7:00 PM	08/26/13 8:30 PM	SJCC
Troop	Troop Mtg	Troop Mtg	08/19/13 7:00 PM	08/19/13 8:30 PM	SJCC
Troop	Camping	Camping	07/21/13	07/27/13	Bayport Scout Reservation
Troop	Camping	Camping	07/21/13	07/27/13	Bayport Scout Reservation
Troop	COH	COH	07/15/13 7:00 PM	07/15/13 8:30 PM	Zack Harvatine Eagle COH
Troop	Troop Mtg	Troop Mtg	07/08/13 7:00 PM	07/08/13 8:30 PM	SJCC
Troop	Serv Proj	Serv Proj	07/07/13 12:30 PM	07/07/13 3:30 PM	HCST Concessions
Troop	Serv Proj	Serv Proj	07/06/13 5:30 PM	07/06/13 8:30 PM	HCST Concessions
Troop	Serv Proj	Serv Proj	07/05/13 5:30 PM	07/05/13 8:30 PM	HCST Concessions
Troop	Troop Mtg	Troop Mtg	06/17/13 7:00 PM	06/17/13 8:30 PM	SJCC
Troop	Troop Mtg	Troop Mtg	06/03/13 7:00 PM	06/03/13 8:30 PM	SJCC
Troop	COH	COH	05/20/13 7:00 PM	05/20/13 8:30 PM	SJCC
Troop	Troop Mtg	Troop Mtg	05/06/13 7:00 PM	05/06/13 8:30 PM	SJCC
Troop	Camping	Camping	05/04/13	05/06/13	BCMSR - Friar Tuck (Spencer)
Troop	Troop Mtg	Troop Mtg	04/29/13 7:00 PM	04/29/13 8:30 PM	SJCC
Troop	Troop Mtg	Troop Mtg	04/22/13 7:00 PM	04/22/13 8:30 PM	SJCC
Troop	PLC Mtg	PLC Mtg	04/21/13 4:00 PM	04/21/13 5:30 PM	Fischer
Troop	Troop Mtg	Troop Mtg	04/15/13 7:00 PM	04/15/13 8:30 PM	SJCC
Troop	Camping	Camping	04/12/13	04/14/13	TTFC Outing
Troop	Troop Mtg	Troop Mtg	04/08/13 7:00 PM	04/08/13 8:30 PM	New Scouts!
Troop	ILST/TLT	ILST/TLT	04/07/13 12:00 PM	04/07/13 5:00 PM	ILST
Troop	Troop Mtg	Troop Mtg	03/22/13 7:00 PM	03/22/13 8:00 PM	Unload trailer
Troop	Camping	Camping	03/22/13	03/23/13	Horseback Riding
Troop	Troop Mtg	Troop Mtg	03/18/13 7:00 PM	03/18/13 8:30 PM	SJCC
Troop	PLC Mtg	PLC Mtg	03/17/13 4:00 PM	03/17/13 6:00 PM	Fischers
Troop	Troop Mtg	Troop Mtg	03/11/13 7:00 PM	03/11/13 8:30 PM	SJCC
Troop	Troop Mtg	Troop Mtg	03/04/13 7:00 PM	03/04/13 8:30 PM	SJCC
Troop	Camping	Camping	02/22/13	02/23/13	Broad Creek
Troop	Camping	Camping	02/22/13	02/24/13	Broad Creek
Troop	Troop Mtg	Troop Mtg	02/11/13 7:00 PM	02/11/13 8:30 PM	SJCC
Troop	Troop Mtg	Troop Mtg	02/04/13 7:00 PM	02/04/13 8:30 PM	SJCC
Troop	Camping	Camping	01/25/13	01/26/13	Klondike
Troop	Troop Mtg	Troop Mtg	01/07/13 7:00 PM	01/07/13 8:30 PM	SJCC
Troop	Troop Mtg	Troop Mtg	12/17/12 7:00 PM	12/17/12 8:30 PM	SJCC
Troop	Camping	Camping	12/14/12	12/16/12	T78 Cabin - Malvern, PA
Troop	Troop Mtg	Troop Mtg	12/11/12 7:00 PM	12/11/12 8:30 PM	SJCC
Troop	Troop Mtg	Troop Mtg	12/03/12 7:00 PM	12/03/12 8:30 PM	SJCC
Troop	Troop Mtg	Troop Mtg	11/19/12 7:00 PM	11/19/12 8:30 PM	SJCC
Troop	Troop Mtg	Troop Mtg	11/12/12 7:00 PM	11/12/12 8:30 PM	SJCC
Troop	Camping	Camping	11/09/12	11/11/12	Sinoquipe
Troop	Troop Mtg	Troop Mtg	11/05/12 7:00 PM	11/05/12 8:30 PM	SJCC
Troop	Troop Mtg	Troop Mtg	10/22/12 7:00 PM	10/22/12 8:30 PM	SJCC
Troop	PLC Mtg	PLC Mtg	10/21/12 4:00 PM	10/21/12 5:30 PM	Fischers House
Troop	Troop Mtg	Troop Mtg	10/15/12 7:00 PM	10/15/12 8:30 PM	SJCC
Troop	Day Trip	Day Trip	10/06/12 9:30 AM	10/06/12 7:30 PM	SJCC - Patrol-Focused
Troop	Troop Mtg	Troop Mtg	10/01/12 7:00 PM	10/01/12 8:30 PM	SJCC
Troop	Day Trip	Day Trip	09/30/12	09/30/12	Go Carts
Troop	Troop Mtg	Troop Mtg	09/24/12 7:00 PM	09/24/12 8:30 PM	SJCC
Troop	Cycling	Cycling	09/21/12	09/21/12	Fort Frederick
Troop	Cycling	Cycling	09/21/12	09/21/12	Fort Frederick
Troop	Camping	Camping	09/21/12	09/23/12	Fort Frederick - with cycling
Troop	PLC Mtg	PLC Mtg	09/16/12 4:00 PM	09/16/12 6:00 PM	Fischers
Troop	Troop Mtg	Troop Mtg	09/10/12 7:00 PM	09/10/12 8:30 PM	SJCC
Troop	ILST/TLT	ILST/TLT	09/08/12 9:00 AM	09/08/12 3:00 PM	SJCC
Troop	COH	COH	08/27/12 8:30 PM	08/27/12 8:30 PM	SJCC
Troop	PLC Mtg	PLC Mtg	08/19/12 6:00 PM	08/19/12 7:30 PM	Ledo's
Troop	Troop Mtg	Troop Mtg	08/13/12 7:00 PM	08/13/12 8:30 PM	SJCC
Troop	Camping	Camping	08/05/12	08/09/12	Camp Rodney - 4 Night Adults
Troop	Camping	Camping	08/05/12	08/07/12	Camp Rodney - 2 Night Adults
Troop	Camping	Camping	08/05/12	08/11/12	Camp Rodney
Troop	Troop Mtg	Troop Mtg	07/23/12 5:30 PM	07/23/12 8:30 PM	South Carroll Swim Club
Troop	Troop Mtg	Troop Mtg	07/16/12 7:00 PM	07/16/12 8:30 PM	SJCC
Troop	PLC Mtg	PLC Mtg	07/15/12 6:00 PM	07/15/12 7:30 PM	Ledo's
Troop	Serv Proj	Serv Proj	07/14/12 5:00 PM	07/14/12 9:00 AM	MHHS
Troop	Serv Proj	Serv Proj	07/13/12 5:00 PM	07/13/12 9:00 AM	MHHS
Troop	Serv Proj	Serv Proj	07/12/12 5:00 PM	07/12/12 9:00 AM	MHHS
Troop	Serv Proj	Serv Proj	07/11/12 5:00 PM	07/11/12 9:00 AM	MHHS
Troop	High Adv	High Adv	07/11/12	07/11/12	Philmont
Troop	Serv Proj	Serv Proj	07/08/12 12:00 PM	07/08/12 4:00 PM	MHHS
Troop	Serv Proj	Serv Proj	07/07/12 5:00 PM	07/07/12 9:00 AM	MHHS
Troop	Serv Proj	Serv Proj	07/06/12 5:00 PM	07/06/12 9:00 AM	MHHS
Troop	Troop Mtg	Troop Mtg	05/14/12 7:00 PM	05/14/12 8:30 PM	SJCC
Troop	Troop Mtg	Troop Mtg	05/07/12 7:00 PM	05/07/12 8:30 PM	SJCC
Troop	Troop Mtg	Troop Mtg	04/30/12 7:00 PM	04/30/12 8:30 PM	SJCC
Troop	Day Trip	Day Trip	04/28/12 9:00 AM	04/28/12 4:00 PM	E Prep MB
Troop	COH	COH	04/23/12 7:00 PM	04/23/12 8:30 PM	Eagle Scout COH - SJCC
Troop	PLC Mtg	PLC Mtg	04/22/12 6:00 PM	04/22/12 7:30 PM	Pap Paps
Troop	Serv Proj	Serv Proj	04/21/12 9:00 AM	04/21/12 11:00 AM	Scouting for Food - Pick Up
Troop	Troop Mtg	Troop Mtg	04/16/12 7:00 PM	04/16/12 8:30 PM	SJCC
Troop	Serv Proj	Serv Proj	04/14/12 9:00 AM	04/14/12 11:00 AM	Scouting for Food - Drop Off
Troop	Camping	Camping	04/14/12	04/15/12	Backpacking on the AT
Troop	Troop Mtg	Troop Mtg	03/26/12 7:00 PM	03/26/12 8:30 PM	SJCC (Also P395 Bridging)
Troop	Troop Mtg	Troop Mtg	03/26/12 7:00 PM	03/26/12 8:30 PM	SJCC - Bridging for P395
Troop	Day Trip	Day Trip	03/23/12 6:00 PM	03/23/12 10:00 AM	Aquarium
Troop	Troop Mtg	Troop Mtg	03/19/12 7:00 PM	03/19/12 8:30 PM	SJCC
Troop	PLC Mtg	PLC Mtg	03/18/12 4:00 PM	03/18/12 5:30 PM	Fischers
Troop	Troop Mtg	Troop Mtg	03/12/12 7:00 PM	03/12/12 8:30 PM	SJCC
Troop	COH	COH	03/05/12 7:00 PM	03/05/12 12:00 AM	SJCC
Troop	Camping	Camping	03/02/12	03/04/12	Pioneer - BCMSR
Troop	Troop Mtg	Troop Mtg	02/26/12 7:00 PM	02/26/12 8:30 PM	SJCC
Troop	PLC Mtg	PLC Mtg	02/19/12 6:00 PM	02/19/12 7:30 PM	Pap Paps
Troop	Troop Mtg	Troop Mtg	02/13/12 7:00 PM	02/13/12 8:30 PM	SJCC
Troop	Camping	Camping	02/11/12	02/12/12	DC Trip
Troop	Troop Mtg	Troop Mtg	01/30/12 7:00 PM	01/30/12 8:30 PM	SJCC
Troop	Camping	Camping	01/27/12	01/28/12	Carroll District Klondike
Troop	Troop Mtg	Troop Mtg	01/23/12 7:00 PM	01/23/12 8:30 PM	SJCC
Troop	PLC Mtg	PLC Mtg	01/22/12 3:00 PM	01/22/12 4:30 PM	Fischer's
Troop	Day Trip	Day Trip	01/21/12 2:00 PM	01/21/12 4:00 PM	Skating MB with Mr. Eckert
Troop	Plan Mtg	Plan Mtg	01/14/12 1:00 PM	01/14/12 3:00 PM	Pap Paps
Troop	Troop Mtg	Troop Mtg	01/09/12 7:00 PM	01/09/12 8:30 PM	SJCC
Troop	Paperwork	CodeCndct	01/01/12	01/01/12	Code of Conduct
Troop	Troop Mtg	Troop Mtg	12/12/11 7:00 PM	12/12/11 8:30 PM	SJCC
Troop	Troop Mtg	Troop Mtg	12/05/11 7:00 PM	12/05/11 8:30 PM	SJCC
Troop	Camping	Camping	12/02/11	12/04/11	T78 Cabin - Philly Tour
Troop	COH	COH	11/28/11 7:00 PM	11/28/11 8:30 PM	SJCC
Troop	PLC Mtg	PLC Mtg	11/27/11 6:00 PM	11/27/11 8:30 PM	Pap Paps
Troop	Troop Mtg	Troop Mtg	11/21/11 7:00 PM	11/21/11 8:30 PM	SJCC
Troop	Camping	Camping	11/19/11	11/21/11	Camp Rodney
Troop	Troop Mtg	Troop Mtg	11/14/11 7:00 PM	11/14/11 8:30 PM	SJCC
Troop	Troop Mtg	Troop Mtg	11/07/11 7:00 PM	11/07/11 8:30 PM	SJCC
Troop	PLC Mtg	PLC Mtg	11/06/11 6:00 PM	11/06/11 7:30 PM	Pap Paps
Troop	Day Trip	Day Trip	11/05/11 8:00 AM	11/05/11 5:30 PM	Udvar-Hazy Center
Troop	Camping	Camping	10/28/11	10/29/11	Orienteeering Competition
Troop	Troop Mtg	Troop Mtg	10/24/11 7:00 PM	10/24/11 8:30 PM	SJCC
Troop	Troop Mtg	Troop Mtg	10/17/11 7:00 PM	10/17/11 8:30 PM	SJCC
Troop	Troop Mtg	Troop Mtg	10/10/11 7:00 PM	10/10/11 8:30 PM	SJCC
Troop	Troop Mtg	Troop Mtg	10/03/11 7:00 PM	10/03/11 8:30 PM	SJCC
Troop	Troop Mtg	Troop Mtg	09/26/11 7:00 PM	09/26/11 8:30 PM	SJCC
Troop	Cycling	Cycling	09/25/11 12:00 PM	09/25/11 5:00 PM	B&A Trail
Troop	DYLT	DYLT	09/23/11	09/23/11	
Troop	COH	COH	09/19/11 7:00 PM	09/19/11 9:00 PM	SJCC
Troop	Troop Mtg	Troop Mtg	09/17/11 4:00 PM	09/17/11 9:00 PM	SJCC
Troop	Troop Mtg	Troop Mtg	09/12/11 7:00 PM	09/12/11 8:30 PM	SJCC
Troop	Troop Mtg	Troop Mtg	08/29/11 7:00 PM	08/29/11 8:00 PM	SJCC
Troop	Plan Mtg	Plan Mtg	08/14/11 4:00 PM	08/14/11 6:00 PM	Ledo's Pizza
Troop	High Adv	High Adv	07/29/11	07/29/11	Philmont 12 Day
Troop	Plan Mtg	Plan Mtg	07/27/11 7:00 PM	07/27/11 9:00 PM	St. Joes
Troop	Plan Mtg	Plan Mtg	07/25/11 7:00 PM	07/25/11 9:00 PM	St. Joes
Troop	Hiking	Hiking	07/23/11 9:00 AM	07/23/11 12:00 PM	Piney Run Park
Troop	Camping	Camping	07/10/11 11:00 AM	07/17/11 3:33 PM	Camp Horseshoe
Troop	Camping	Camping	05/06/11 5:00 PM	05/08/11 11:30 AM	Freedom Park
Troop	Camping	Camping	04/15/11 5:00 PM	04/16/11 1:00 PM	Patapsco State Park
Troop	High Adv	High Adv	07/20/10	07/20/10	Seabase
Troop	Hiking	Hiking	04/07/01	04/07/01	
